id,lot_area,land_slope,central_air,gr_liv_area,totrms_abvgrd,new_property,paved,irregular,cul_de_sac,positive_feature,noisy,years_old,non-living,baseline,condition,floating_village
2658,9142,0,0,1928,9,0,1,0,0,0,0,56,1192,120000.0,22,0
2718,9662,0,1,1967,10,0,1,1,0,0,0,29,2137,135000.0,21,0
2414,17104,0,1,1496,7,1,1,1,0,0,0,0,778,180750.0,26,0
1989,8520,0,1,968,5,0,1,0,0,0,0,1,1152,120000.0,21,0
625,9500,0,1,1394,6,0,1,1,0,0,0,46,1655,141000.0,24,0
333,1890,0,1,1092,5,0,1,0,0,0,0,38,610,92450.0,22,0
1327,8516,0,1,1093,5,0,1,0,0,0,0,2,869,120000.0,20,0
858,9286,1,1,1268,5,0,1,1,1,0,0,20,1441,200000.0,22,0
95,3515,0,1,1680,3,0,1,0,0,0,0,6,951,224000.0,26,1
1568,10125,0,1,1279,6,0,1,0,0,0,0,31,1517,160000.0,22,0
2482,7175,0,1,1217,5,0,1,0,0,0,0,15,1281,181000.0,24,0
1364,7200,0,1,1040,5,0,1,0,0,0,0,16,1172,102388.0,24,0
2584,11310,0,1,1375,5,0,1,0,0,0,0,52,1397,141000.0,25,0
818,7976,0,1,2787,8,0,1,0,0,0,1,9,1480,181000.0,27,0
2673,11737,0,0,1827,9,0,1,1,0,0,0,10,953,128000.0,23,0
2089,9060,0,1,1340,7,0,1,0,0,0,1,1,296,125000.0,25,0
1297,10800,0,1,1436,8,0,1,0,0,0,0,58,1010,120000.0,22,0
790,9571,0,1,1073,5,0,1,0,0,0,0,53,1073,125000.0,21,0
2616,10800,0,1,1773,6,0,1,0,0,1,0,14,1910,141000.0,24,0
720,17671,0,1,1742,8,0,1,0,0,0,1,23,1085,120000.0,30,0
222,8246,0,1,1060,6,0,1,1,0,0,0,9,1556,135000.0,27,0
557,8499,0,1,864,5,0,1,1,0,0,1,48,1176,135000.0,23,0
1148,8012,0,1,1617,5,0,1,0,0,0,0,14,1673,181000.0,25,0
2766,21453,1,1,988,4,0,1,1,1,0,0,37,1198,225000.0,25,0
534,9605,0,1,1218,6,0,1,0,0,0,0,2,1396,181000.0,25,0
1452,7180,0,1,864,5,0,1,1,0,0,0,36,864,200000.0,22,0
630,12513,0,1,1738,7,0,1,1,0,0,1,2,770,141000.0,21,0
2648,9000,0,1,1750,8,0,1,0,0,0,1,15,929,120000.0,20,0
125,8800,0,1,1054,6,0,1,0,0,0,1,47,1056,141000.0,27,0
1904,3500,0,0,670,4,0,1,0,0,0,1,57,391,130000.0,20,0
1670,7340,0,1,858,4,0,1,1,0,0,0,36,858,141000.0,20,0
756,6240,0,1,1208,5,0,1,0,0,0,0,59,915,102388.0,18,0
717,11700,0,0,2640,8,0,1,1,0,0,0,6,1807,120000.0,24,0
1032,10000,0,1,1178,5,0,1,0,0,0,0,8,1400,185000.0,24,0
852,11166,0,1,1492,6,0,1,0,0,0,0,8,1774,200000.0,26,0
1731,13204,0,1,1458,6,1,1,1,0,0,0,0,741,180750.0,27,0
2639,5520,0,0,1657,9,0,1,0,0,0,0,26,1147,120000.0,20,0
2071,9000,0,0,998,5,0,1,0,0,0,0,57,140,135000.0,21,0
1267,8892,0,1,910,5,0,1,0,0,0,0,12,451,141000.0,25,0
1851,7321,0,1,1358,5,0,1,1,0,0,0,7,1689,224000.0,24,1
567,3951,0,1,1224,4,1,1,0,0,0,0,0,846,224000.0,23,1
2439,11214,0,1,1886,10,0,1,1,0,0,0,7,1019,180750.0,25,0
1898,7388,0,1,1327,7,0,1,0,0,0,0,5,1063,141000.0,22,0
647,14559,0,1,1363,6,0,1,0,0,0,0,9,1542,143000.0,23,0
2256,4054,0,1,1501,5,0,1,1,0,0,0,20,1741,220000.0,27,0
979,1533,0,1,1344,6,0,1,0,0,0,0,1,546,92450.0,23,0
1444,11250,0,1,1786,6,0,1,1,0,0,0,6,962,200000.0,26,0
2485,7800,0,1,965,6,0,1,0,0,0,0,41,1249,181000.0,21,0
157,5868,0,1,936,4,0,1,0,0,0,0,10,1176,141000.0,26,0
88,7500,0,1,1040,5,0,1,0,0,0,1,47,1260,135000.0,21,0
2003,9439,0,1,1248,6,0,1,0,0,0,0,57,1104,120000.0,20,0
186,9000,0,1,2268,7,0,1,0,0,0,0,8,454,120000.0,29,0
1425,9345,0,1,1615,7,0,1,1,0,0,0,1,1813,200000.0,27,0
2695,7200,0,1,1360,6,0,1,0,0,0,0,11,1058,102388.0,23,0
738,6000,0,1,1142,6,0,1,0,0,0,0,59,566,128000.0,23,0
395,7930,0,1,1026,5,0,1,0,0,0,0,4,1245,141000.0,25,0
1353,9120,0,1,1820,8,0,1,0,0,0,0,58,1126,128000.0,25,0
1878,9503,0,1,1344,6,0,1,0,0,0,0,24,1368,141000.0,20,0
390,11050,0,1,1193,5,0,1,1,0,0,0,34,1216,185000.0,23,0
1456,10316,0,1,1865,7,0,1,1,0,0,0,8,1176,200000.0,26,0
1103,11675,0,1,2006,5,0,1,1,0,0,0,10,2159,300750.0,27,0
1387,12900,0,1,1140,6,0,1,0,0,0,1,58,1490,135000.0,17,0
2070,13770,0,1,1176,6,0,1,0,0,0,1,9,1158,135000.0,23,0
1199,13355,0,1,1670,7,0,1,1,0,0,0,37,825,185000.0,25,0
2479,7153,0,1,1603,7,0,1,0,0,0,0,14,885,181000.0,25,0
501,10750,0,1,2063,7,0,1,1,1,0,0,14,2262,300750.0,27,0
2362,8125,0,1,858,5,0,1,1,0,0,0,35,858,141000.0,21,0
1718,3903,0,1,1302,5,0,1,0,0,0,0,1,1462,317500.0,25,0
2188,4270,1,1,774,6,0,1,0,0,0,0,1,830,125000.0,24,0
1483,4426,0,1,848,3,0,1,0,0,0,0,4,997,200000.0,25,0
2557,5825,0,1,747,5,0,1,1,0,0,0,53,632,128000.0,20,0
437,23303,0,1,2520,10,0,1,1,1,0,0,2,1973,317500.0,28,0
2224,25485,0,1,1560,6,0,1,1,1,0,0,47,2219,199500.0,22,0
1628,10784,0,1,1472,7,0,1,1,0,0,0,15,548,180750.0,25,0
397,8510,0,1,1050,6,0,1,1,0,0,0,38,1043,141000.0,26,0
587,17871,0,1,1724,7,0,1,1,1,0,0,33,1680,185000.0,22,0
971,21750,0,1,1771,9,0,1,0,0,0,0,3,0,160000.0,21,0
2611,9510,0,1,1207,6,0,1,0,0,0,0,21,1375,141000.0,25,0
1887,8339,0,1,882,5,0,1,1,0,0,0,48,0,142200.0,24,0
2399,14828,0,1,1780,7,0,1,1,0,0,0,1,1992,317500.0,28,0
2148,8749,0,1,1459,6,0,1,0,0,0,0,5,1690,200000.0,26,0
304,9140,0,1,1107,5,0,1,0,0,0,0,35,885,102388.0,20,0
1997,3600,0,1,1358,6,0,1,0,0,0,0,2,719,120000.0,23,0
2817,8777,0,1,1436,6,0,1,0,0,0,1,6,823,125420.0,23,0
1431,12798,1,1,1688,8,0,1,1,0,0,1,11,1318,225400.0,24,0
427,12704,0,1,2042,8,1,1,0,0,0,0,0,2132,317500.0,27,0
263,7480,0,1,876,5,0,1,0,0,0,0,38,876,200000.0,21,0
598,16500,0,1,1320,5,0,1,0,0,0,0,38,1252,185000.0,22,0
2895,16669,0,1,1707,6,0,1,1,0,0,0,25,2324,220000.0,26,0
687,8064,0,1,1495,6,0,1,0,0,0,1,15,1080,141000.0,23,0
1822,7758,0,1,999,6,0,1,1,0,0,0,6,1131,135000.0,23,0
2191,11767,0,0,1346,6,0,1,0,0,0,0,7,752,125000.0,22,0
179,6900,0,1,1251,6,0,1,0,0,0,0,10,827,120000.0,24,0
1009,4671,0,1,1228,5,0,1,1,0,0,0,19,1516,322450.0,26,0
2010,6125,0,1,1274,6,0,1,0,0,0,0,9,920,128000.0,24,0
1991,9863,0,1,1642,9,0,1,0,0,0,0,57,728,120000.0,22,0
1411,9571,0,1,1509,6,0,1,0,0,0,0,52,2243,125000.0,22,0
1721,4590,0,1,1554,6,0,1,0,0,0,0,1,1783,317500.0,27,0
1144,8450,0,1,1677,7,0,1,0,0,0,0,7,895,181000.0,25,0
593,8400,0,1,1665,6,0,1,0,0,0,0,8,855,185000.0,28,0
575,14694,0,1,1694,5,0,1,1,0,0,0,1,2540,260000.0,31,0
1249,14250,0,1,1790,6,0,1,0,0,0,0,51,1038,142500.0,23,0
1604,6951,0,1,923,5,0,1,1,1,0,0,23,1238,160000.0,22,0
1064,12720,1,1,2470,7,0,1,0,0,0,0,5,2970,317500.0,29,0
1923,11988,0,1,1244,6,0,1,1,0,0,1,50,1284,141000.0,25,0
1988,3880,0,1,866,4,0,1,0,0,0,1,10,786,120000.0,28,0
2325,7685,0,1,1501,6,0,1,1,0,0,0,12,950,180750.0,24,0
114,18837,0,1,1891,7,0,1,1,0,0,0,32,1293,185000.0,23,0
2700,11136,0,1,1921,8,0,1,0,0,0,1,42,2101,135000.0,21,0
217,10773,0,0,1832,8,0,1,0,0,0,0,43,1890,135000.0,20,0
343,10200,0,1,1434,7,0,1,0,0,0,0,35,1535,141000.0,23,0
386,7500,0,1,1874,7,0,1,0,0,0,0,8,1192,224000.0,27,1
2005,11800,0,1,1382,6,0,1,0,0,0,0,5,40,120000.0,25,0
2908,17217,0,1,1140,6,0,1,0,0,0,0,0,1232,160000.0,25,0
1814,16196,0,1,1494,5,0,1,1,0,0,0,9,1909,181000.0,26,0
2446,35760,0,1,3627,10,0,1,1,1,0,0,10,2367,300750.0,29,0
208,7630,0,1,1812,8,0,1,0,0,0,1,14,744,120000.0,25,0
1679,2016,0,1,1302,6,0,1,0,0,0,0,37,630,105500.0,20,0
822,10816,0,1,1720,8,0,1,1,0,0,0,1,2032,200000.0,28,0
6,9978,0,1,1604,7,0,1,1,0,0,0,12,1322,180750.0,26,0
1781,12291,0,1,1966,6,1,1,1,0,0,0,0,2094,224000.0,29,0
2397,11065,0,1,1970,8,1,1,1,0,0,0,0,1336,317500.0,28,0
2340,8147,0,1,1714,7,0,1,0,0,0,0,1,1925,322450.0,28,0
1618,13869,0,1,1470,6,0,1,1,0,0,0,10,869,180750.0,25,0
2843,6204,0,0,2230,10,0,1,0,0,0,0,56,983,136200.0,19,0
1061,12151,0,1,2331,9,0,1,1,0,0,0,3,1669,317500.0,29,0
2786,9560,0,1,864,5,0,1,1,0,0,0,34,864,200000.0,26,0
1935,8923,0,1,1008,6,0,1,0,0,0,0,1,1026,141000.0,25,0
1341,5520,0,1,1216,6,0,1,1,0,0,1,11,745,128000.0,25,0
521,12606,0,1,1530,7,0,1,1,0,0,0,1,1878,224000.0,28,1
2136,8660,0,1,1025,6,0,1,1,0,0,0,31,1142,200000.0,20,0
996,9042,0,1,1638,7,0,1,1,0,0,0,10,1081,180750.0,24,0
227,11227,0,1,1440,7,0,1,0,0,0,0,42,950,135000.0,24,0
135,11380,0,1,1128,5,0,1,1,0,0,0,2,1318,142500.0,27,0
1167,2280,0,1,1549,6,0,1,0,0,0,0,9,776,224000.0,22,1
294,10452,0,1,2133,8,0,1,1,0,0,0,25,1614,199500.0,27,0
1776,9910,0,1,1369,5,1,1,0,0,0,1,0,1572,224000.0,27,0
540,13072,0,1,1114,6,0,1,0,0,0,1,4,1464,181000.0,24,0
1717,3901,0,1,1302,5,1,1,0,0,0,0,1,1462,317500.0,25,0
2303,11625,0,1,816,4,0,1,1,0,0,0,24,1146,160000.0,24,0
116,9360,0,1,1381,5,0,1,0,0,0,0,4,1161,185000.0,25,0
127,9717,0,1,1078,5,0,1,0,0,0,0,14,1556,141000.0,23,0
1371,10320,0,1,1469,7,0,1,0,0,0,0,13,1052,102388.0,25,0
1014,31220,0,1,1474,7,0,1,1,0,0,1,56,1776,181500.0,19,0
1507,8050,0,1,1137,8,0,1,0,0,0,0,15,0,125000.0,27,0
702,7596,0,1,1960,10,0,1,0,0,0,1,57,960,120000.0,21,0
750,8094,0,1,1768,8,0,1,0,0,0,0,59,1198,120000.0,22,0
261,10900,0,1,1392,6,0,1,1,0,0,0,33,725,200450.0,27,0
1559,9000,0,1,864,5,0,0,0,0,0,0,58,782,102388.0,22,0
577,15417,0,1,1740,7,0,1,0,0,0,0,28,2206,260000.0,24,0
2812,11645,0,1,1720,7,0,1,1,0,0,0,2,930,200000.0,26,0
2080,10512,0,1,1626,6,0,1,0,0,0,0,53,1354,125000.0,26,0
1368,5586,0,1,1198,7,0,1,1,0,0,1,10,999,120000.0,27,0
2376,7838,0,1,900,6,0,1,0,0,0,0,39,1183,141000.0,22,0
659,9022,0,1,792,5,0,1,0,0,0,0,3,1204,120000.0,25,0
1235,7390,0,1,1098,6,0,1,1,0,0,0,53,1098,141000.0,24,0
332,1900,0,1,1092,5,0,1,0,0,0,0,40,546,92450.0,23,0
1917,8760,0,1,936,4,0,1,0,0,0,0,8,1155,141000.0,25,0
2094,13125,0,1,2127,8,0,1,1,0,0,0,16,1592,181000.0,26,0
1460,9240,0,1,2263,7,0,1,0,0,0,0,6,1289,200000.0,28,0
1471,13125,1,1,1493,7,0,1,0,0,0,0,10,1657,200000.0,25,0
1509,11767,0,1,1200,6,0,1,0,0,0,0,13,768,125000.0,23,0
1922,9250,0,1,1056,6,0,1,0,0,0,0,2,1446,141000.0,24,0
433,13693,0,1,2674,8,0,1,0,0,1,0,2,3040,317500.0,29,0
460,6472,0,1,1456,6,0,1,0,0,0,0,1,1685,317500.0,28,0
1116,10206,0,1,1563,6,0,1,0,0,0,0,1,1806,224000.0,27,0
1137,13695,0,1,1114,6,0,1,0,0,0,1,4,1192,181000.0,23,0
53,3203,0,1,1145,6,0,1,0,0,0,0,4,1361,192250.0,26,0
2354,9512,0,1,2318,8,1,1,1,0,0,0,0,1206,224000.0,27,1
1475,9750,0,1,1445,6,0,1,0,0,0,0,4,1480,200000.0,26,0
1761,15623,0,1,4476,10,0,1,1,0,0,0,11,2645,300750.0,29,0
842,8072,0,1,990,5,0,1,0,0,0,0,14,1054,200000.0,22,0
2739,11679,0,1,1560,6,0,1,1,0,0,0,44,2626,125000.0,24,0
2509,2544,0,1,1223,4,0,1,0,0,0,0,1,766,224000.0,24,1
1007,10832,0,1,1895,7,0,1,1,0,0,0,12,901,181250.0,26,0
2610,9786,0,1,1734,7,0,1,1,0,0,0,25,1040,141000.0,25,0
1952,5400,0,1,691,4,0,1,0,0,0,0,57,805,120000.0,22,0
2719,8235,0,1,1949,10,0,1,0,0,0,0,29,1981,135000.0,21,0
2921,1894,0,1,1092,6,0,1,0,0,0,0,36,570,92450.0,18,0
1966,7903,0,1,1242,6,0,1,0,0,0,0,47,1242,141000.0,22,0
292,9839,0,1,1666,7,0,1,0,0,0,1,60,1050,136200.0,22,0
1204,9900,0,1,1978,9,0,1,0,0,0,1,40,875,185000.0,25,0
1829,17542,0,1,2167,9,0,1,1,0,0,0,4,1459,260000.0,26,0
2419,9073,0,1,1492,8,1,1,1,0,0,0,0,870,180750.0,26,0
391,10140,0,1,1350,7,0,1,0,0,0,0,35,1064,185000.0,23,0
798,9060,0,1,1258,6,0,1,0,0,0,0,59,560,125000.0,21,0
481,8965,0,1,1489,8,0,1,1,0,0,0,6,857,180750.0,26,0
193,7793,0,0,2068,8,0,1,1,0,0,0,5,1168,128000.0,23,0
555,9750,0,1,980,5,0,1,1,0,0,0,47,1008,135000.0,21,0
899,10206,0,0,944,4,0,1,0,0,0,0,57,0,125000.0,13,0
2357,10140,0,1,1664,8,0,1,0,0,0,0,30,1119,185000.0,24,0
328,2394,1,1,945,5,0,1,0,0,0,0,37,1283,92450.0,25,0
1356,10267,0,1,838,5,0,1,0,0,0,0,8,928,128000.0,25,0
1154,6360,0,1,864,5,0,1,0,0,0,0,45,864,135650.0,22,0
1730,10237,0,1,1484,8,1,1,0,0,0,0,0,855,180750.0,25,0
2249,7540,0,1,912,5,0,1,1,1,0,0,29,1080,160000.0,26,0
1119,9428,0,1,1874,8,1,1,0,0,0,0,0,1231,224000.0,27,0
2856,10164,0,1,1465,6,0,1,0,0,0,0,56,1118,136200.0,19,0
1394,13825,0,1,1601,6,0,1,0,0,0,0,21,847,135000.0,24,0
2587,7700,0,1,1145,6,0,1,0,0,0,0,50,301,141000.0,23,0
61,17433,0,1,2475,7,0,1,1,1,0,0,12,2080,300750.0,27,0
2661,6300,0,1,2104,9,0,1,0,0,0,0,1,1655,120000.0,25,0
2711,10366,0,1,934,4,0,1,1,0,0,0,42,989,135500.0,25,0
1147,9291,0,1,1710,7,0,1,1,0,0,1,15,1046,181000.0,25,0
757,5775,1,1,1427,7,0,1,1,0,0,1,7,619,120000.0,27,0
2623,7200,0,1,1040,4,0,1,0,0,0,0,56,29,141000.0,18,0
2378,2179,0,1,1456,6,0,1,0,0,0,0,30,883,143000.0,24,0
1413,9360,0,1,1269,7,0,1,0,0,0,0,7,857,125000.0,24,0
1722,6442,0,1,1370,6,0,1,1,0,0,0,1,1539,317500.0,27,0
1112,14598,0,1,1933,9,0,1,1,1,0,1,1,1012,224000.0,26,0
1623,8637,0,1,1714,7,0,1,1,0,0,0,7,1227,180750.0,24,0
1201,9120,0,1,1876,8,0,1,0,0,0,0,34,970,185000.0,24,0
1513,5142,0,1,1292,6,0,1,0,0,0,0,0,1132,125000.0,21,0
957,215245,1,1,2036,8,0,1,1,0,0,0,44,2136,220000.0,24,0
1171,4109,0,1,1557,5,0,1,1,0,0,0,8,1794,224000.0,28,1
1145,8285,0,1,1737,7,0,1,0,0,0,0,16,1113,181000.0,25,0
2726,20355,1,1,1830,6,0,1,0,0,0,0,39,2148,225000.0,25,0
703,3378,0,1,1389,6,0,1,0,0,0,0,17,777,120000.0,26,0
760,5160,0,1,892,5,0,1,0,0,0,0,59,1123,102388.0,23,0
1964,7500,0,1,1040,6,0,1,0,0,0,0,4,1040,141000.0,26,0
2512,3735,0,1,1452,6,0,1,0,0,0,0,7,725,224000.0,24,1
159,6979,0,1,1056,4,0,1,0,0,0,0,30,1376,120600.0,22,0
1281,7056,0,1,1796,8,0,1,0,0,0,0,45,830,141000.0,23,0
468,11911,0,1,1560,6,0,1,1,0,0,0,4,822,180750.0,26,0
290,7890,0,1,856,4,0,1,0,0,0,0,60,1022,136200.0,22,0
665,10800,0,0,846,4,0,1,0,0,0,0,59,720,120000.0,22,0
1463,11250,0,1,2290,9,0,1,0,0,0,0,6,1128,200000.0,27,0
1792,9605,0,1,1977,7,0,1,0,0,0,0,1,1275,224000.0,26,0
923,14680,0,1,1273,5,0,1,1,0,0,0,49,1871,199500.0,23,0
500,10208,0,1,2344,7,0,1,1,0,0,0,12,1484,300750.0,26,0
1408,19550,0,1,1518,5,0,1,0,0,0,0,1,1619,125000.0,27,0
331,1491,0,1,630,3,0,1,0,0,0,0,38,750,92450.0,25,0
170,4800,0,1,1844,9,0,1,0,0,0,0,56,793,120000.0,20,0
2192,8172,0,1,768,4,0,1,0,0,0,0,52,964,125000.0,19,0
2571,25419,0,1,3112,8,0,1,0,0,0,1,16,1928,141000.0,23,0
2314,13031,0,1,1498,6,0,1,1,0,0,0,10,1050,180750.0,24,0
2647,5633,0,1,844,5,0,1,0,0,0,0,56,1098,120000.0,22,0
422,14257,0,1,2772,10,0,1,0,0,1,0,2,1975,317500.0,29,0
2457,20896,0,1,2097,8,1,1,1,1,0,0,0,2536,224000.0,27,0
1838,4230,0,1,1352,5,1,1,0,0,0,0,0,1593,224000.0,26,1
2805,15611,0,1,1919,8,1,1,0,0,0,0,0,1130,200000.0,27,0
1645,10960,0,1,1284,5,0,1,1,0,0,0,23,1476,185000.0,23,0
1711,11999,0,1,2374,10,0,1,0,0,0,0,3,1385,317500.0,28,0
2825,11060,0,1,2314,9,0,1,1,0,0,0,1,1424,125000.0,27,0
322,13214,0,1,2018,10,0,1,1,0,0,0,1,2222,220000.0,28,0
2103,10235,0,1,1651,7,1,1,1,0,0,0,0,1899,200000.0,27,0
342,13008,0,1,882,5,0,1,1,0,0,0,53,882,141000.0,23,0
600,7436,0,1,894,5,0,1,0,0,0,0,49,1254,141000.0,22,0
488,8123,0,1,1800,7,0,1,1,0,0,0,9,1145,180750.0,25,0
1725,7820,0,1,1869,6,1,1,1,0,0,0,0,2133,317500.0,28,0
2246,5568,1,1,1625,5,1,1,1,0,0,0,0,1849,199500.0,26,0
2847,8400,0,1,1595,6,0,1,0,0,0,1,6,1048,136200.0,25,0
806,9828,0,1,2020,8,0,1,1,0,0,0,14,1283,181000.0,27,0
530,9375,0,1,2094,8,0,1,0,0,0,0,5,1276,224000.0,27,1
963,11457,0,1,1412,6,0,1,1,0,0,0,21,1561,220000.0,23,0
2678,6120,0,1,1162,6,0,1,0,0,0,0,56,752,128000.0,20,0
171,8800,0,1,1140,7,0,1,0,0,0,0,6,736,120000.0,25,0
2401,20431,0,1,2728,10,1,1,1,0,0,1,0,1848,317500.0,28,0
805,10560,0,1,1879,8,0,1,0,0,0,0,15,1723,181000.0,26,0
2259,19958,0,1,2279,7,0,1,0,0,0,0,12,997,220000.0,27,0
1748,11084,0,1,1374,8,0,1,1,0,0,0,3,484,180750.0,27,0
1361,10266,0,1,1536,7,0,1,0,0,0,0,56,1064,102388.0,21,0
1677,1890,0,1,1218,7,0,1,0,0,0,0,34,844,105500.0,21,0
1406,10452,0,1,1094,5,0,1,1,0,0,0,55,1381,125000.0,25,0
2322,23257,0,1,2021,9,1,1,1,1,0,0,0,968,180750.0,27,0
688,7570,0,1,1806,8,0,1,0,0,0,0,45,835,141000.0,23,0
143,8400,0,1,1314,5,0,1,0,0,0,0,53,1564,141000.0,23,0
804,9317,0,1,1775,7,0,1,0,0,0,0,16,1238,181000.0,26,0
1214,9020,0,1,1350,6,0,1,0,0,0,1,44,1424,141000.0,23,0
2828,3675,0,1,1072,5,1,1,0,0,0,0,0,591,125000.0,23,0
1999,7200,0,0,2291,9,0,1,0,0,0,0,9,1313,120000.0,24,0
2467,8125,0,1,1576,6,1,1,0,0,0,0,0,820,224000.0,26,1
2665,7200,0,1,1762,8,0,1,0,0,0,0,56,853,120000.0,26,0
1538,14100,1,1,3447,11,0,1,1,0,0,0,11,1054,199500.0,32,0
398,7038,0,1,864,5,0,1,0,0,0,0,39,1074,141000.0,20,0
2822,16133,0,1,1176,5,0,1,0,0,0,0,37,1380,125000.0,21,0
2157,4435,0,1,848,3,0,1,0,0,0,0,4,988,200000.0,25,0
1856,16157,0,1,1432,5,0,1,1,0,0,1,29,1708,260000.0,26,0
1269,7200,0,1,1048,7,0,1,0,0,0,0,58,27,141000.0,21,0
2570,9000,0,1,1128,5,0,1,0,0,0,0,52,936,141000.0,22,0
2320,10463,0,1,1801,8,0,1,1,1,0,0,1,1009,180750.0,27,0
1517,12155,0,0,1482,7,0,1,1,0,0,0,58,926,136200.0,24,0
2304,10712,0,1,974,5,0,1,0,0,0,0,15,1002,160000.0,23,0
1312,9143,0,1,1017,5,0,1,0,0,0,0,5,485,120000.0,24,0
2012,6000,0,1,1218,6,0,1,0,0,0,0,57,735,128000.0,24,0
506,29959,0,1,1850,7,0,1,1,0,0,0,15,1239,300750.0,28,0
2865,16560,0,1,2345,9,0,1,1,0,0,0,56,952,199500.0,24,0
2367,1953,0,1,987,5,0,1,0,0,0,0,33,555,105500.0,21,0
554,9000,0,0,784,5,0,1,0,0,0,0,59,875,181000.0,18,0
238,9571,0,1,1144,6,0,1,0,0,0,0,54,1188,125000.0,23,0
1954,8700,0,1,888,5,0,1,1,0,0,0,46,920,141000.0,25,0
2488,8927,0,1,1654,10,0,1,0,0,0,1,29,0,135000.0,24,0
2291,1890,0,1,1092,6,0,1,0,0,0,0,31,546,92450.0,21,0
1969,7000,0,1,925,7,0,1,0,0,0,1,46,0,141000.0,24,0
2725,14175,1,1,1437,6,0,1,0,0,0,0,19,1492,135000.0,22,0
1482,4426,0,1,848,3,0,1,0,0,0,0,4,997,200000.0,25,0
2763,9316,0,1,1596,6,0,1,1,0,0,0,1,973,200000.0,26,0
503,9085,0,1,2061,7,0,1,0,0,0,0,13,1677,300750.0,26,0
1584,11202,0,1,1440,7,0,1,1,0,0,0,5,1712,220000.0,27,0
1531,9650,0,1,1603,7,0,1,1,0,0,0,58,1001,199500.0,21,0
2210,7136,0,0,1958,8,0,1,1,0,0,0,57,979,199500.0,22,0
459,7390,0,1,1884,6,1,1,1,0,0,0,0,2205,317500.0,28,0
556,7064,0,1,980,6,0,1,0,0,0,0,32,1172,135000.0,21,0
1347,6120,0,1,1902,7,0,1,0,0,0,1,58,1294,120000.0,20,0
1290,4800,0,1,672,4,0,1,0,0,0,0,58,672,120000.0,19,0
1388,9000,0,1,1006,5,0,1,0,0,0,0,49,1030,135000.0,21,0
1571,164660,1,1,1786,7,0,0,1,0,0,0,43,2169,220700.0,25,0
2754,6762,0,1,1294,6,1,1,0,0,0,0,0,1509,200000.0,26,0
765,10547,0,1,1152,6,0,1,1,0,0,0,31,1152,125000.0,20,0
2494,13052,0,1,1024,5,0,1,1,1,0,0,41,1024,135000.0,23,0
2870,15600,0,1,2315,9,0,1,0,0,0,0,43,1360,199500.0,25,0
7,4920,0,1,1338,6,0,1,0,0,0,0,9,1508,322450.0,27,0
1114,13253,0,1,1578,7,0,1,1,0,0,0,2,1604,224000.0,25,0
2418,11631,0,1,2373,9,1,1,1,0,0,0,1,1218,180750.0,28,0
291,7200,0,1,2650,10,0,1,0,0,0,0,43,0,136700.0,23,0
18,11394,0,1,1856,8,1,1,0,0,0,0,0,1969,322450.0,25,0
39,10159,0,1,1940,8,1,1,1,0,0,0,0,2193,317500.0,28,0
1001,6264,0,1,1682,6,0,1,1,0,0,0,11,1664,322450.0,27,0
2442,8738,0,1,2291,8,0,1,1,0,0,0,7,1167,180750.0,27,0
616,7015,0,1,1203,5,0,1,1,0,0,0,59,957,128000.0,19,0
2680,6240,0,0,912,3,0,1,0,0,0,0,56,0,128000.0,23,0
1414,8405,0,1,1367,7,0,1,0,0,0,0,58,1103,125000.0,25,0
289,5000,0,1,1691,6,0,1,0,0,0,0,60,1268,136200.0,21,0
40,12883,0,1,1544,7,1,1,1,0,0,0,0,1579,317500.0,27,0
860,7200,0,1,894,6,0,1,0,0,0,0,37,1109,200000.0,20,0
409,4928,0,1,958,5,0,1,1,0,0,0,33,1018,143000.0,24,0
673,8712,0,1,1306,5,0,1,1,0,0,0,9,992,141000.0,22,0
2427,3010,0,1,1142,6,1,1,0,0,0,0,0,1232,192250.0,26,0
2036,9780,0,1,1952,8,0,1,0,0,0,0,2,1477,102388.0,28,0
2564,9462,0,1,1728,7,0,1,0,0,0,0,33,1009,141000.0,23,0
642,9482,0,1,1866,8,0,1,0,0,0,0,51,1866,141000.0,21,0
1008,14067,0,1,1709,7,0,1,0,0,0,0,17,876,180750.0,24,0
1908,11345,0,1,1920,10,0,1,0,0,0,1,57,928,141000.0,20,0
2519,3760,0,1,1235,4,0,1,1,1,0,0,26,1446,190000.0,26,0
1369,10320,0,1,759,5,0,1,0,0,0,1,17,491,102388.0,23,0
2855,7588,0,1,1802,9,0,1,0,0,0,0,56,833,199500.0,24,0
712,8520,0,1,792,5,0,1,0,0,0,0,59,705,120000.0,23,0
1943,14190,0,1,1544,7,0,1,0,0,0,1,1,1156,120000.0,25,0
1958,11664,0,1,1082,5,0,1,0,0,0,1,57,1212,141000.0,21,0
107,4420,0,1,788,3,0,1,1,1,0,0,30,903,190000.0,23,0
2295,33983,0,1,1676,6,0,1,1,0,0,0,13,1940,160000.0,23,0
704,10134,0,0,1447,6,0,1,0,0,0,0,59,1125,120000.0,24,0
676,12144,0,1,1268,6,0,1,0,0,0,0,59,860,141000.0,25,0
259,8750,0,1,1682,7,0,1,0,0,0,0,12,881,200000.0,25,0
93,11134,0,1,2225,7,0,1,0,0,0,0,17,1618,300750.0,27,0
106,7379,0,1,1848,7,0,1,1,0,0,0,10,1439,224000.0,27,1
2315,9783,0,1,1776,7,0,1,1,0,0,0,10,1223,180750.0,25,0
1050,9477,0,1,892,5,0,1,0,0,0,0,42,864,141000.0,22,0
1095,15384,0,1,1490,8,0,1,1,0,0,0,3,963,180750.0,26,0
2709,11327,0,1,1064,6,0,1,1,0,0,0,39,1426,135000.0,23,0
758,5852,0,0,1864,9,0,1,1,0,0,1,9,1310,120000.0,23,0
1496,7200,0,1,1398,6,0,1,0,0,0,0,7,684,125000.0,25,0
2370,1680,0,1,1218,7,0,1,0,0,0,0,34,700,105500.0,24,0
2458,10182,0,1,1660,8,1,1,1,1,0,0,0,2032,224000.0,27,0
2733,9375,0,1,1350,6,0,1,0,0,0,0,52,1204,125000.0,23,0
161,11275,0,1,2978,11,0,1,0,0,1,1,3,950,141000.0,29,0
726,9720,0,1,1521,8,0,1,0,0,0,0,7,979,120000.0,25,0
845,9017,0,1,1431,6,0,1,1,0,0,0,10,1466,200000.0,26,0
947,10125,0,1,2052,7,0,1,0,0,0,0,8,1408,160000.0,28,0
2232,8500,0,0,1517,7,0,1,0,0,0,1,2,937,102388.0,23,0
2563,9490,0,1,1578,5,0,1,0,0,0,1,56,838,141000.0,24,0
2299,27697,0,0,1608,6,0,1,0,0,0,0,46,1586,160000.0,19,0
211,10632,0,0,1224,6,0,1,1,0,0,0,60,937,225000.0,19,0
605,11475,0,1,1776,9,0,1,0,0,0,0,51,1609,141000.0,20,0
1478,11049,0,1,1234,7,0,1,0,0,0,0,1,1264,200000.0,27,0
2247,4750,1,1,1625,5,0,1,1,0,0,0,0,1849,199500.0,27,0
2274,35133,1,1,1572,5,0,0,0,0,0,0,44,2098,220000.0,21,0
2869,12984,0,1,1647,7,0,1,0,0,0,0,29,1430,199500.0,25,0
967,9157,0,1,2014,9,0,1,1,0,0,0,6,1150,220000.0,26,0
2656,5820,0,1,1163,6,0,1,0,0,0,0,1,1402,120000.0,25,0
667,9671,0,1,2544,12,0,1,0,0,0,1,40,1248,141000.0,23,0
1042,1890,0,1,987,5,0,1,0,0,0,0,36,894,105500.0,23,0
2023,13515,0,1,1824,8,0,1,0,0,0,0,57,890,128000.0,23,0
2447,9233,0,1,2855,9,0,1,1,0,0,0,6,1842,300750.0,28,0
2055,8400,0,1,913,6,0,1,0,0,0,0,41,1066,135000.0,22,0
2275,15306,0,1,1776,7,1,1,1,0,0,0,0,1732,220000.0,27,0
2204,7642,0,1,1426,7,0,1,0,0,0,0,9,1152,199500.0,26,0
1563,3842,1,1,1646,5,0,1,1,0,0,0,3,1930,199500.0,27,0
483,5063,0,1,1314,6,0,1,0,0,0,0,1,1548,317500.0,26,0
796,4235,0,1,1049,5,0,1,0,0,0,0,25,1154,125000.0,22,0
1526,15576,0,1,1680,8,0,1,0,0,0,0,32,1000,199500.0,27,0
2042,10120,0,0,1889,9,0,1,1,0,0,1,57,1189,120000.0,19,0
442,13514,0,1,1808,7,0,1,1,0,0,0,1,2000,317500.0,28,0
1693,13440,0,1,2550,11,1,1,0,0,0,0,0,1267,317500.0,28,0
1468,8750,0,1,1908,8,0,1,0,0,0,0,13,1192,200000.0,26,0
1430,11500,0,1,1643,6,0,1,1,1,0,0,42,1521,225000.0,26,0
2605,10800,0,0,2414,10,0,1,0,0,0,0,36,1096,120000.0,20,0
1529,7609,0,1,1512,7,0,1,0,0,0,0,11,940,199500.0,29,0
335,26142,0,1,1188,6,0,1,1,1,0,0,48,1488,160000.0,24,0
1287,9184,0,1,1323,6,0,1,0,0,0,1,3,780,120000.0,24,0
31,1680,0,1,1092,6,0,1,0,0,0,0,39,525,105500.0,20,0
1785,9416,0,1,1726,8,1,1,0,0,0,0,0,2301,224000.0,26,0
82,8400,0,1,1564,7,0,1,0,0,0,0,29,904,181000.0,24,0
2620,12144,0,1,1521,6,0,1,0,0,0,0,56,1277,141000.0,21,0
252,10402,0,1,1226,6,0,1,1,0,0,0,1,1262,200000.0,26,0
721,3300,0,1,816,5,0,1,0,0,0,0,59,657,120000.0,22,0
2165,8334,0,1,1330,6,1,1,0,0,0,0,0,1353,200000.0,25,0
2316,11207,0,1,1511,8,0,1,1,0,0,0,9,972,180750.0,24,0
775,7252,0,1,858,5,0,1,1,1,0,0,27,978,135000.0,20,0
1558,18000,0,1,894,6,0,0,0,0,0,0,58,914,102948.0,17,0
17,12134,1,1,1752,8,0,1,1,0,0,0,5,896,180750.0,27,0
1022,14450,0,1,1782,6,0,1,0,0,0,0,29,2249,185000.0,24,0
925,7681,0,1,1343,7,0,1,1,0,0,0,59,1025,199500.0,23,0
438,11146,0,1,1717,7,0,1,1,0,0,0,3,1917,317500.0,27,0
1270,7910,0,1,1507,7,0,1,0,0,0,0,48,1075,141000.0,22,0
1272,8000,0,1,1027,6,0,1,0,0,0,0,46,1027,141000.0,22,0
215,6048,0,1,1680,7,0,1,0,0,0,1,60,1056,136200.0,23,0
266,9548,0,1,1829,7,0,1,1,1,0,0,7,1172,200000.0,27,0
2402,10927,0,1,1904,8,0,1,0,0,0,0,1,1297,317500.0,28,0
1250,7350,0,1,952,4,0,1,0,0,0,0,57,952,141000.0,22,0
1984,5925,0,1,1131,7,0,1,0,0,0,0,7,979,120000.0,21,0
1279,7200,0,1,1588,6,0,1,0,0,0,0,41,768,141000.0,22,0
377,12388,0,1,2673,9,0,1,1,0,0,0,18,1305,185000.0,27,0
1252,8838,0,1,1764,7,0,1,0,0,0,0,26,72,141000.0,21,0
2156,10000,0,1,2090,8,0,1,0,0,0,0,11,1285,200000.0,27,0
499,12203,0,1,2612,8,0,1,1,0,0,0,10,1475,300750.0,27,0
1374,21286,0,1,1271,7,0,1,0,0,0,0,58,828,135000.0,22,0
2898,11170,0,1,2514,8,0,1,1,0,0,0,15,1216,220000.0,26,0
401,10500,0,1,864,4,0,1,0,0,0,0,38,1080,141000.0,21,0
2721,13125,0,1,1803,8,0,1,0,0,0,0,6,1134,135000.0,23,0
2078,12671,0,1,2422,6,0,1,1,0,0,0,13,1495,225000.0,27,0
2589,13600,0,1,1056,6,0,1,0,0,0,0,51,1056,141650.0,24,0
1946,21281,0,1,3086,9,0,1,0,0,0,0,0,1320,141000.0,23,0
1334,5870,0,1,1290,6,0,1,0,0,0,1,8,704,128400.0,27,0
2781,13704,0,1,1541,6,0,1,1,0,0,0,4,2090,200000.0,26,0
431,12220,0,1,2020,9,1,1,0,0,0,0,0,2216,317500.0,29,0
576,3782,0,1,1226,4,0,1,1,1,0,0,28,1437,190000.0,25,0
1474,8450,0,1,1710,8,0,1,0,0,0,0,5,917,200000.0,26,0
2254,8750,0,1,918,4,0,1,1,0,0,0,32,1128,160000.0,25,0
2155,11248,0,1,1668,7,0,1,1,0,0,0,5,1928,200000.0,28,0
885,8777,0,1,1126,5,0,1,0,0,0,1,6,96,125000.0,21,0
643,8128,0,1,1062,6,0,1,1,1,0,0,55,1062,141000.0,26,0
1944,9600,0,1,893,4,0,1,0,0,0,0,4,845,141000.0,22,0
480,10125,0,1,1594,7,0,1,1,0,0,0,5,1194,180750.0,26,0
2845,11388,1,0,1273,5,0,1,0,0,0,0,13,828,125000.0,21,0
2387,14215,0,1,2376,9,1,1,1,0,0,0,0,1552,317500.0,28,0
2407,6792,0,1,1368,6,1,1,1,0,0,0,0,1535,317500.0,26,0
2527,11700,0,1,1416,7,0,1,0,0,0,0,38,996,185000.0,25,0
2514,4447,0,1,1080,4,0,1,1,0,0,0,3,580,224000.0,26,1
629,13560,0,1,1392,5,0,1,0,0,0,0,41,1632,141000.0,22,0
80,9453,0,1,1744,7,0,1,1,1,0,1,7,1674,181000.0,28,0
1876,10355,0,1,1214,5,0,1,1,0,0,0,40,1325,141000.0,22,0
1546,6000,0,1,1090,5,0,1,0,0,0,0,2,720,102388.0,25,0
2518,11250,0,1,1208,6,0,1,1,0,0,0,29,1448,260000.0,24,0
2347,10464,0,1,1102,5,0,1,1,0,0,0,26,1150,185000.0,24,0
783,25095,1,1,1473,5,0,1,1,0,0,0,6,1545,225000.0,27,0
1322,11340,0,0,1086,5,0,1,0,0,0,0,58,891,120000.0,13,0
194,5000,0,0,765,4,0,1,0,0,0,1,60,941,128000.0,19,0
1770,11787,0,1,2398,8,0,1,1,0,0,0,10,1678,300750.0,26,0
2143,7200,0,1,864,5,0,1,0,0,0,0,7,1019,200000.0,21,0
1229,13700,0,1,1820,8,0,1,1,0,0,0,20,1281,141000.0,25,0
511,10130,0,1,1702,7,0,1,0,0,0,0,2,1771,224000.0,27,0
46,6371,0,1,1358,6,1,1,1,0,0,0,0,1585,317500.0,26,0
1348,6120,0,1,1774,8,0,1,0,0,0,1,58,1247,120000.0,21,0
2465,8125,0,1,1553,6,1,1,0,0,0,0,0,801,224000.0,26,1
387,8470,0,1,1811,7,0,1,0,0,0,0,7,1245,224000.0,27,1
873,8750,0,1,1417,7,0,1,0,0,0,0,11,1594,200000.0,26,0
1918,6860,0,1,1008,6,0,1,1,0,0,0,51,1008,141000.0,23,0
2764,10041,0,1,1915,8,0,1,1,0,0,0,14,1178,181000.0,27,0
2184,6400,0,1,960,4,0,1,0,0,0,0,7,1139,125000.0,24,0
934,1488,0,1,1229,5,0,1,0,0,0,0,17,737,137500.0,24,0
1920,8176,0,1,1056,6,0,1,0,0,0,0,15,1056,141000.0,22,0
2631,7590,0,1,1348,6,0,1,0,0,1,0,40,956,141000.0,23,0
1768,21535,0,1,4316,10,0,1,1,0,0,0,12,2876,300750.0,30,0
2040,4800,0,1,1196,5,0,1,0,0,0,0,17,1196,102388.0,22,0
1749,11796,0,1,1959,8,0,1,1,0,0,0,2,995,180750.0,27,0
834,16698,1,1,1759,7,0,1,1,1,0,0,16,1792,225000.0,25,0
1457,10400,0,1,2161,8,0,1,0,0,0,0,7,1341,200000.0,26,0
79,7175,0,1,752,4,0,1,0,0,0,0,26,1187,181000.0,23,0
2302,8314,0,1,816,5,0,1,0,0,0,0,25,984,160000.0,24,0
1817,9180,0,1,884,5,0,1,1,1,0,0,24,1080,181000.0,25,0
2755,11210,0,1,1614,7,1,1,1,0,0,0,0,1817,200000.0,26,0
359,8803,0,1,1516,7,0,1,1,0,0,0,14,753,180750.0,24,0
2059,8665,0,1,897,5,0,1,1,0,0,0,39,876,135000.0,22,0
2092,13474,0,1,2243,8,0,1,0,0,0,1,16,1095,181000.0,25,0
2516,7180,0,1,1568,6,0,1,1,0,0,0,4,1834,224000.0,27,1
150,10950,0,1,1064,4,0,1,0,0,0,0,58,864,141000.0,22,0
1656,10793,0,1,1620,7,0,1,0,0,0,0,38,988,185000.0,24,0
83,9800,0,0,1012,5,0,1,0,0,0,1,60,1017,181000.0,19,0
2411,10237,0,1,1316,6,1,1,0,0,0,0,0,1439,180750.0,25,0
795,11500,0,0,845,5,0,1,1,1,0,0,52,186,125000.0,19,0
2312,13006,0,1,2236,8,0,1,1,0,0,0,9,964,180750.0,26,0
2917,1533,0,1,630,3,0,1,0,0,0,0,36,630,92450.0,27,0
1624,7875,0,1,1553,6,0,1,0,0,0,0,11,735,180750.0,25,0
2215,12168,1,1,3194,10,0,1,0,0,0,0,9,965,199500.0,25,0
1211,9200,0,1,1136,5,0,1,0,0,0,0,43,1562,141000.0,24,0
1485,4438,0,1,848,4,0,1,0,0,0,0,4,988,200000.0,25,0
1024,13068,0,1,1211,6,0,1,0,0,0,0,32,1385,185000.0,23,0
570,4217,0,1,1256,5,0,1,1,0,0,0,1,1314,224000.0,25,1
2874,7000,0,1,1285,6,0,1,0,0,0,0,56,1089,102388.0,25,0
700,6600,0,0,2372,11,0,1,0,0,0,0,44,1281,120000.0,21,0
2756,8990,0,1,1498,5,1,1,1,0,0,0,0,1882,200000.0,26,0
2022,7755,0,1,2264,8,0,1,0,0,0,0,12,1252,120000.0,25,0
583,10382,0,1,2090,7,0,1,1,0,1,0,36,1774,185350.0,27,0
2392,11924,0,1,2324,11,1,1,1,0,0,0,0,1343,317500.0,29,0
2424,3072,0,1,1414,6,0,1,0,0,0,0,2,1539,192250.0,26,0
212,9900,0,0,1392,6,0,1,0,0,0,0,60,1380,136200.0,22,0
736,6000,0,1,1348,5,0,1,0,0,0,0,12,1092,128000.0,25,0
1610,11075,1,1,1968,7,0,1,1,0,0,0,39,1278,160400.0,23,0
890,10682,0,1,1149,7,0,1,0,0,0,0,38,1254,125000.0,21,0
467,12589,0,1,1484,8,0,1,1,0,0,0,4,802,180750.0,25,0
578,9600,1,1,2499,5,0,1,0,0,0,1,33,456,260000.0,27,0
1747,16219,0,1,1119,5,0,1,1,0,0,0,2,959,180750.0,26,0
1149,7892,0,1,1199,5,0,1,0,0,0,0,15,1262,181000.0,25,0
2758,13377,0,1,1846,7,1,1,0,0,0,0,0,1868,200000.0,24,0
857,7000,0,1,864,6,0,1,1,1,0,0,4,864,200000.0,27,0
2219,10570,1,1,2727,10,0,1,0,0,0,0,13,927,199500.0,26,0
733,8854,0,0,952,4,0,1,0,0,0,0,59,1090,128000.0,19,0
2909,2665,0,1,1304,5,0,1,0,0,0,0,29,405,92450.0,24,0
1798,9000,0,1,1959,8,0,1,0,0,0,0,1,1342,224000.0,27,1
235,18600,0,1,1610,8,0,1,0,0,0,0,20,1032,125450.0,18,0
2366,2160,0,1,1365,7,0,1,0,0,0,0,33,801,105500.0,24,0
1027,9743,0,1,1308,7,0,1,0,0,0,0,39,720,185000.0,22,0
1195,8125,0,1,925,5,0,1,0,0,0,0,3,1145,141000.0,24,0
1303,7311,0,0,407,3,0,1,0,0,0,0,58,603,120000.0,16,0
148,10032,0,1,1580,6,0,1,0,0,0,0,51,1432,141000.0,25,0
608,10500,0,1,1292,6,0,1,1,0,1,0,45,1416,141000.0,20,0
2515,8314,0,1,1694,6,0,1,1,0,0,0,8,1061,224000.0,27,1
821,10226,0,1,1630,8,0,1,1,0,0,0,1,1836,200000.0,27,0
2500,16059,0,1,2417,9,0,1,0,0,0,0,14,1497,300750.0,27,0
745,6120,0,1,995,5,0,1,0,0,0,0,10,1026,128000.0,22,0
741,6120,0,1,1539,5,0,1,0,0,0,0,59,1039,128000.0,21,0
1611,56600,0,1,1836,7,0,1,1,0,0,0,58,686,102388.0,18,0
2532,9750,0,1,980,6,0,1,0,0,0,0,39,1048,141000.0,23,0
1081,3940,0,1,1455,6,0,1,0,0,0,0,5,1735,192250.0,26,0
1692,13641,0,1,2656,8,1,1,0,0,0,0,0,2260,317500.0,28,0
2520,3640,0,1,1036,4,0,1,1,1,0,0,26,1277,190000.0,23,0
276,9825,0,0,1664,8,0,1,0,0,0,0,45,0,125000.0,23,0
1992,9600,0,1,1472,6,0,1,0,0,0,0,13,786,120000.0,24,0
663,5400,0,0,599,4,0,1,0,0,0,1,59,497,120000.0,20,0
418,2104,0,1,836,5,0,1,0,0,0,0,33,1006,143000.0,25,0
1733,9729,0,1,1746,6,1,1,1,0,0,0,0,732,180750.0,26,0
2359,10000,0,1,1103,6,0,1,0,0,0,0,32,1482,185000.0,24,0
253,7360,0,1,1222,6,0,1,0,0,0,0,0,1276,200000.0,26,0
1518,8400,1,1,2192,8,0,1,0,0,0,0,11,1006,136200.0,25,0
2035,9000,0,1,1375,6,0,1,0,0,0,0,57,1068,102388.0,22,0
2919,1526,0,1,1092,5,0,1,0,0,0,0,36,580,92450.0,22,0
1540,12392,0,1,2161,8,0,1,0,0,0,0,8,928,199500.0,30,0
2120,14217,0,1,1022,6,0,1,1,1,0,0,13,1022,200000.0,21,0
1674,4113,0,1,1337,5,0,1,1,0,0,0,6,1541,141000.0,25,0
256,8816,0,1,1052,6,0,1,0,0,0,0,39,1010,225000.0,26,0
2361,9353,0,1,864,5,0,1,0,0,0,0,36,864,141000.0,22,0
978,1477,0,1,630,3,0,1,0,0,0,0,39,630,92450.0,20,0
2280,6710,0,1,936,3,0,1,1,0,0,0,10,960,160000.0,25,0
2095,11287,0,1,1982,7,0,1,0,0,0,0,18,1087,181000.0,26,0
1709,12099,0,1,2468,10,0,1,1,0,0,0,3,1474,317500.0,28,0
2801,9750,0,1,2097,8,0,1,0,0,0,0,8,1531,200000.0,25,0
1246,11556,0,1,882,4,0,1,0,0,0,0,56,720,141000.0,24,0
2373,1680,0,1,987,5,0,1,0,0,0,0,34,483,105500.0,23,0
1055,12704,0,1,1582,7,1,1,0,0,0,0,1,1886,317500.0,27,0
2017,6120,0,1,1281,6,0,1,0,0,0,0,57,781,128000.0,21,0
1099,9660,0,1,2199,9,0,1,0,0,0,0,11,1304,300750.0,27,0
1344,6120,0,0,808,6,0,1,0,0,0,0,13,48,128000.0,24,0
835,28698,1,1,2126,7,0,1,1,1,0,0,42,1724,225000.0,22,0
1117,12274,0,1,1428,6,1,1,1,0,0,0,0,1477,224000.0,26,0
2043,4388,0,1,840,5,0,1,1,0,0,1,57,672,120000.0,27,0
2085,3869,1,1,1038,5,0,1,0,0,0,0,23,1143,125000.0,24,0
410,2308,0,1,1548,7,0,1,0,0,0,0,33,912,143000.0,21,0
2650,4400,0,1,1118,6,0,1,0,0,0,0,56,648,120000.0,23,0
2867,14210,0,1,1801,8,0,1,1,0,0,0,47,787,199500.0,27,0
1668,9758,0,1,950,5,0,1,1,0,0,0,36,950,141000.0,20,0
1161,4017,0,1,1250,5,0,1,1,0,0,0,1,679,224000.0,24,1
2122,11249,0,1,1200,6,0,1,1,0,0,0,12,1226,200000.0,25,0
2539,9600,0,1,1141,6,0,1,0,0,0,0,39,1219,141000.0,25,0
1047,4043,0,1,1069,4,0,1,0,0,0,0,31,1324,143000.0,24,0
1445,9200,0,1,938,5,0,1,1,1,0,0,28,1083,200000.0,21,0
541,13072,0,1,1114,6,0,1,0,0,0,1,5,1153,181000.0,25,0
569,3830,0,1,1726,6,1,1,1,0,0,0,1,1980,224000.0,25,1
1276,7227,1,1,832,4,0,1,0,0,0,1,54,832,141000.0,23,0
918,7155,0,1,1228,6,0,1,0,0,0,0,19,908,199500.0,27,0
326,11875,0,1,1344,7,0,1,0,0,0,0,11,1672,160000.0,24,0
1936,8540,0,1,925,5,0,1,0,0,0,0,4,1077,141000.0,23,0
895,6410,1,1,876,5,0,1,0,0,0,0,50,876,125000.0,18,0
257,11105,0,1,965,4,0,1,0,0,0,0,14,941,200000.0,23,0
1241,13200,0,1,1570,5,0,1,1,0,0,1,50,1885,141000.0,26,0
1545,7000,0,1,919,5,0,1,0,0,0,0,10,1010,102388.0,24,0
1189,11040,0,1,1258,5,0,1,0,0,0,0,4,1529,185000.0,27,0
270,4426,0,1,848,3,0,1,0,0,0,0,6,1008,200000.0,25,0
2066,16779,0,1,2654,11,0,1,0,0,0,1,11,1369,135500.0,20,0
693,10440,0,1,1230,5,0,1,0,0,0,0,28,642,120000.0,22,0
1259,10836,0,1,1436,7,0,1,0,0,0,0,58,992,120000.0,22,0
2916,13384,1,1,1360,8,0,1,0,0,0,0,27,1264,160000.0,21,0
2321,13751,0,1,2212,9,1,1,1,1,0,0,0,2090,180750.0,26,0
1977,4480,0,0,1022,4,0,1,0,0,0,1,57,1164,120000.0,18,0
1895,11382,0,1,1374,7,0,1,1,0,0,0,43,1242,141000.0,23,0
1240,9120,0,1,1261,6,0,1,0,0,0,0,50,1549,142400.0,26,0
85,11782,0,1,1155,6,0,1,1,0,0,0,15,1301,135400.0,22,0
1823,6970,0,1,1120,5,0,1,0,0,0,1,46,1208,135400.0,21,0
825,11422,0,1,1838,7,0,1,1,0,0,0,1,2214,200000.0,27,0
110,8000,0,1,1492,6,0,1,0,0,0,0,8,1906,224000.0,26,1
697,15660,0,1,1306,6,0,1,0,0,0,0,6,240,120000.0,23,0
2297,6723,0,1,796,5,0,1,0,0,0,0,36,925,160000.0,25,0
1231,7875,0,1,1144,6,0,1,0,0,0,0,47,1144,141000.0,24,0
1355,9144,0,1,1505,8,0,1,0,0,0,0,26,883,128000.0,21,0
968,14601,0,1,1838,8,0,1,0,0,0,0,3,2176,220000.0,28,0
584,12732,0,1,2067,7,0,1,1,1,1,0,35,1089,185000.0,25,0
1315,6000,0,1,1540,7,0,1,0,0,0,0,3,889,120000.0,29,0
1606,6600,0,1,816,4,0,1,0,0,0,0,5,816,160000.0,25,0
206,8472,1,0,816,5,0,0,1,0,0,0,47,922,102388.0,19,0
1685,12469,0,1,1816,7,1,1,0,0,0,0,0,2012,317500.0,28,0
2016,6240,0,1,1426,6,0,1,0,0,0,0,15,1236,128000.0,24,0
869,11250,0,1,1870,6,0,1,0,0,0,0,8,1243,200000.0,26,0
2135,11800,0,1,894,5,0,1,1,0,0,0,33,864,200000.0,22,0
2346,18800,0,1,1574,6,0,1,1,0,0,0,30,1213,185000.0,23,0
2430,4045,0,1,1500,6,1,1,0,0,0,0,0,1537,192250.0,26,0
2198,10594,0,0,789,5,0,1,0,0,0,0,57,880,199500.0,19,0
2652,6000,0,1,960,5,0,1,0,0,0,0,51,960,120000.0,21,0
27,8400,0,1,882,4,0,1,0,0,0,0,40,1122,141000.0,21,0
241,10420,0,1,1212,6,0,1,0,0,0,0,1,1334,125000.0,25,0
906,6300,0,1,1268,7,0,1,0,0,0,0,59,887,136200.0,20,0
1506,12180,0,1,1053,5,0,1,0,0,0,0,1,627,125000.0,24,0
2098,9965,0,1,2828,11,1,1,0,0,0,0,0,1735,200000.0,28,0
1435,8696,0,1,1418,5,0,1,1,0,0,0,10,1736,200000.0,26,0
2213,13108,0,1,1226,7,0,1,1,0,0,0,56,546,199500.0,21,0
1274,8064,0,1,1320,5,0,1,0,0,0,1,58,876,141000.0,24,0
743,6120,0,0,800,4,0,1,0,0,0,0,59,264,128000.0,16,0
1737,8899,0,1,1340,6,1,1,1,0,0,0,0,1470,180750.0,26,0
2797,10566,0,1,2214,8,0,1,1,0,0,0,7,1367,200000.0,27,0
2185,6882,0,0,1152,6,0,1,0,0,0,0,52,0,125000.0,20,0
58,7750,0,1,1430,7,0,1,1,0,0,0,10,564,180750.0,27,0
830,7314,0,1,1232,6,0,1,0,0,0,0,2,1364,200000.0,26,0
808,7018,0,1,1535,8,0,1,0,0,0,0,30,0,181000.0,22,0
680,7200,0,1,1904,7,0,1,0,0,0,0,27,1376,141000.0,21,0
1153,8450,0,0,890,5,0,1,0,0,0,1,40,890,135000.0,21,0
1291,6000,0,1,1456,7,0,1,0,0,0,0,3,976,120000.0,24,0
1818,8400,0,1,2020,10,0,1,0,0,0,1,30,0,181000.0,20,0
2161,8145,0,1,1476,7,1,1,1,0,0,0,0,773,200000.0,26,0
1883,8892,0,1,1065,6,0,1,1,0,0,0,47,1139,141000.0,21,0
350,7296,0,1,2522,8,0,1,1,1,0,0,4,2447,322450.0,27,0
2473,13072,0,1,1131,6,1,1,0,0,0,1,0,1170,181000.0,26,0
295,15600,0,1,2177,11,0,1,0,0,0,0,19,1032,199500.0,23,0
293,9638,0,1,2447,10,0,1,0,0,0,1,20,1234,136200.0,25,0
859,15523,0,1,864,5,0,1,1,1,0,0,37,864,200000.0,25,0
288,8212,0,0,864,5,0,1,0,0,0,0,60,960,125000.0,14,0
1578,9735,0,1,1394,7,0,1,0,0,0,0,1,484,220000.0,24,0
102,2980,0,1,1512,5,0,1,0,0,0,0,10,788,224000.0,23,1
2831,2522,0,1,1709,7,0,1,0,0,0,0,0,1010,125000.0,23,0
1030,10400,0,1,1444,5,0,1,0,0,0,0,32,1468,185000.0,23,0
2551,10800,0,1,1248,6,0,1,0,0,0,0,46,1248,141000.0,26,0
1286,10440,0,1,1539,8,0,1,0,0,0,0,6,866,120000.0,24,0
958,12898,0,1,1620,6,0,1,1,0,0,0,1,1848,220000.0,28,0
776,8740,0,1,860,4,0,1,1,0,0,0,27,840,135000.0,21,0
72,10440,0,1,1468,6,0,1,0,0,0,0,5,1786,224000.0,25,1
2263,10991,0,1,1571,7,1,1,1,0,0,0,0,1707,220000.0,27,0
1866,8723,0,1,1082,6,0,1,1,0,1,0,38,1133,185000.0,26,0
2876,7030,0,1,641,4,0,1,0,0,0,0,56,895,102388.0,21,0
2146,9375,0,1,2169,7,0,1,0,0,0,0,5,1563,200000.0,27,0
103,2572,0,1,1416,6,0,1,0,0,0,0,11,740,224000.0,24,1
1500,3675,0,1,1072,5,0,1,0,0,0,0,3,575,125000.0,24,0
492,24682,0,1,1675,7,0,1,1,1,0,0,10,944,180750.0,26,0
167,7635,0,1,1175,6,0,1,1,0,0,0,50,1175,141000.0,23,0
2597,5400,0,1,833,4,0,1,0,0,0,0,6,833,120000.0,24,0
2685,6380,0,1,1048,5,0,1,0,0,0,0,56,1109,128000.0,20,0
1035,9750,0,1,1054,6,0,1,0,0,0,0,39,1314,141000.0,27,0
1220,6627,0,0,720,4,0,1,1,0,0,1,58,0,128000.0,19,0
2602,7200,0,1,1595,7,0,1,0,0,0,0,56,943,120000.0,26,0
2159,8200,0,1,1928,8,0,1,0,0,0,0,3,995,200000.0,27,0
695,10307,0,0,1944,12,0,1,0,0,0,0,59,1169,120000.0,21,0
1109,10944,0,1,2127,5,0,1,1,0,0,0,14,1526,300750.0,26,0
640,19296,0,1,1382,6,0,1,0,0,0,1,47,1614,141000.0,23,0
1652,10395,0,1,1032,6,0,1,1,0,0,0,29,1032,185500.0,24,0
2090,23920,0,1,1822,7,0,1,0,0,0,1,23,2312,181000.0,25,0
1188,11050,0,1,1740,8,0,1,0,0,0,0,40,1957,185000.0,22,0
2345,16659,0,1,2263,9,0,1,1,0,1,0,12,1045,185000.0,25,0
1059,13418,0,1,2748,9,0,1,0,0,0,0,2,2244,317500.0,29,0
2751,11003,0,1,1876,7,1,1,1,0,0,0,0,1348,200000.0,27,0
128,9724,0,1,2461,7,0,1,0,0,0,0,8,1140,141000.0,23,0
1523,7804,0,1,1920,10,0,1,0,0,0,0,58,1329,136200.0,25,0
2925,20000,0,1,1224,7,0,1,0,0,0,0,10,1698,160000.0,24,0
2145,10386,0,1,2000,8,0,1,0,0,0,0,2,2168,200000.0,27,0
1121,8640,0,1,1372,6,1,1,0,0,0,0,0,1668,224000.0,27,1
566,2880,0,1,3005,9,0,1,0,0,0,0,4,1553,224000.0,27,1
565,11949,0,1,1755,7,0,1,0,0,0,0,1,1537,300750.0,29,0
1331,7010,0,1,1738,6,0,1,0,0,0,0,58,1054,128000.0,20,0
2928,10441,0,1,970,6,0,1,0,0,0,0,14,1024,160700.0,23,0
156,10200,0,1,1086,6,0,1,0,0,0,0,7,1086,141000.0,25,0
797,11409,0,1,1716,8,0,1,0,0,0,0,1,928,125000.0,22,0
327,1974,0,1,1092,6,0,1,0,0,0,0,37,762,92450.0,21,0
2859,21780,0,1,1550,7,0,1,0,0,0,0,56,1246,199500.0,20,0
1453,7200,0,1,780,4,0,1,0,0,0,0,36,976,200000.0,24,0
1762,12191,0,1,2551,8,0,1,1,0,1,0,9,1916,300750.0,27,0
1868,11358,0,1,1610,8,0,1,1,0,0,0,20,1582,185000.0,26,0
1760,9649,0,1,1644,7,0,1,1,0,0,0,7,1443,180750.0,25,0
1113,11957,0,1,1574,7,0,1,1,0,1,0,2,1822,224000.0,27,0
1812,11613,0,1,1820,7,0,1,1,0,0,0,10,1093,181000.0,25,0
117,9600,0,1,1645,7,0,1,0,0,0,0,39,793,185000.0,24,0
1142,8125,0,1,1679,7,0,1,0,0,0,0,10,1674,181000.0,25,0
2342,18261,0,1,2000,8,0,1,1,0,0,0,1,2486,322450.0,28,0
927,9100,0,1,1112,6,0,1,0,0,0,1,55,1112,199500.0,25,0
2478,8304,0,1,1837,7,0,1,1,0,0,0,8,1256,181000.0,25,0
655,5470,0,1,792,4,0,1,0,0,0,0,51,882,120000.0,20,0
2064,8169,0,1,912,6,0,1,0,0,0,1,41,1116,135000.0,24,0
369,16158,1,1,1530,7,0,1,1,0,0,0,4,1734,322450.0,26,0
2239,8263,1,1,1012,6,0,1,0,0,0,0,57,1146,102388.0,20,0
2732,5271,1,1,1453,6,0,1,1,0,0,0,20,1717,225000.0,25,0
1653,11850,0,1,1177,6,0,1,0,0,0,0,23,1460,185000.0,24,0
959,13159,0,1,1692,6,1,1,1,0,0,0,0,1168,220000.0,25,0
2395,11643,0,1,2358,10,1,1,1,0,0,0,0,1678,317500.0,28,0
1412,9350,0,0,864,4,0,1,0,0,0,0,33,864,125000.0,22,0
271,10635,0,1,1668,8,0,1,1,0,0,0,7,1919,200000.0,27,0
1484,4438,0,1,848,3,0,1,0,0,0,0,4,997,200000.0,25,0
1497,7024,0,1,1132,5,0,1,0,0,0,0,3,1448,125000.0,23,0
552,8250,0,1,1882,8,0,1,0,0,0,0,28,0,181000.0,25,0
2,11622,0,1,896,5,0,1,0,0,0,1,49,1142,141000.0,23,0
1855,12000,0,1,2362,8,0,1,0,0,0,0,27,2198,260000.0,27,0
4,11160,0,1,2110,8,0,1,0,0,0,0,42,2110,141000.0,26,0
2292,11333,0,1,1062,5,0,1,1,0,0,0,31,1149,160000.0,23,0
134,7800,0,1,1268,7,0,1,0,0,0,0,56,1366,141000.0,24,0
646,10434,0,1,1005,5,0,1,0,0,0,0,54,1005,141000.0,19,0
42,11520,0,1,1698,7,0,1,0,0,1,0,5,1964,317500.0,28,0
532,8736,0,1,1553,6,0,1,1,0,0,0,5,1833,224000.0,26,1
713,4456,0,1,1452,8,1,1,0,0,0,0,1,838,120000.0,23,0
2561,9600,0,1,1216,7,0,1,0,0,0,0,55,1056,141000.0,23,0
2360,15870,0,1,1096,6,0,1,1,0,0,0,37,1368,141000.0,24,0
1333,5000,0,1,1210,6,0,1,0,0,0,1,2,672,128000.0,24,0
1407,45600,0,1,2358,10,0,1,1,0,0,0,11,1608,225000.0,24,0
2892,26178,1,1,2519,9,0,1,1,0,0,0,16,1557,220000.0,26,0
574,2645,0,1,1739,7,0,1,0,0,0,0,9,1085,224000.0,27,1
1227,9600,0,1,1661,8,0,1,0,0,0,0,12,1198,141000.0,26,0
2591,21299,0,1,2039,7,0,1,0,0,0,0,43,1019,141000.0,25,0
1476,8450,0,1,1436,8,0,1,0,0,0,0,4,1673,200000.0,26,0
1125,9375,0,1,1992,9,0,1,0,0,0,0,4,1238,224000.0,27,1
1446,8385,0,1,985,6,0,1,0,0,0,0,31,1195,200000.0,25,0
408,1680,0,1,1302,6,0,1,0,0,0,0,37,815,105500.0,22,0
1101,14260,0,1,2198,9,0,1,1,0,0,0,8,1421,300750.0,27,0
2251,10000,0,1,1392,6,0,1,0,0,0,0,5,1658,160000.0,24,0
373,11900,0,1,1411,6,0,1,0,0,0,0,32,1578,185000.0,24,0
2554,9724,0,1,1043,5,0,1,0,0,0,0,56,1111,141000.0,24,0
2382,16163,0,1,1618,6,0,1,0,0,0,0,2,1618,317500.0,27,0
1985,5925,0,0,1141,6,0,1,0,0,0,0,57,666,120000.0,21,0
519,8640,0,1,1314,6,1,1,0,0,0,0,0,1547,224000.0,27,1
1093,10261,0,1,1792,8,0,1,1,0,0,0,8,936,180750.0,25,0
864,12334,0,1,2184,8,0,1,1,0,0,0,6,1392,200000.0,28,0
2889,10530,0,1,1004,4,0,1,0,0,0,0,29,975,160000.0,23,0
2308,11765,0,1,1797,7,0,1,1,0,0,0,49,1617,141000.0,21,0
986,14115,0,1,1362,5,0,1,1,0,0,0,14,1186,160700.0,24,0
1302,9000,0,1,1499,5,0,1,0,0,0,0,58,924,120000.0,22,0
585,12936,0,1,1395,6,0,1,1,1,0,0,37,1133,185000.0,24,0
2708,8414,0,1,1068,6,0,1,0,0,0,0,3,1251,135000.0,26,0
147,10725,0,1,1206,6,0,1,1,0,0,0,51,1227,141000.0,21,0
1441,12803,0,1,1494,6,0,1,1,0,0,0,6,1722,200000.0,26,0
383,10304,0,1,1868,9,0,1,1,1,1,0,33,1324,185000.0,26,0
285,8562,1,1,1526,7,0,1,0,0,0,0,8,1410,125000.0,23,0
181,8239,0,1,1245,6,0,1,0,0,0,1,48,1342,120000.0,21,0
358,9765,0,1,1470,6,0,1,1,0,0,0,16,975,181230.0,28,0
780,15584,0,1,2071,9,0,1,0,0,0,0,53,984,225000.0,24,0
258,9337,0,1,1692,8,0,1,1,0,0,0,12,917,200000.0,26,0
1865,8000,0,1,2411,8,0,1,0,0,1,0,37,1200,185000.0,24,0
692,3950,0,1,1224,5,0,1,0,0,0,1,5,934,120000.0,24,0
2902,11443,0,1,2028,7,1,1,0,0,0,0,0,2260,220000.0,27,0
508,11194,0,1,1696,7,0,1,1,0,1,0,1,1872,224000.0,27,0
2638,9600,0,1,1668,6,0,1,0,0,0,0,56,1352,120000.0,21,0
36,2280,0,1,1456,7,0,1,0,0,0,0,32,881,143000.0,22,0
611,12095,0,1,1445,7,0,1,1,0,0,0,45,1307,141000.0,24,0
2281,25286,1,1,1040,5,0,1,0,0,1,0,44,1064,160000.0,22,0
1678,2058,0,1,1218,7,0,1,0,0,0,0,34,700,105500.0,23,0
1696,13891,0,1,2552,8,1,1,0,0,0,0,0,2710,317500.0,28,0
1557,5150,0,0,1049,5,0,1,0,0,0,1,8,356,102388.0,20,0
2180,7023,0,1,1408,6,0,1,0,0,0,0,1,819,125000.0,24,0
1726,6240,0,1,1324,6,1,1,0,0,0,0,1,1362,317500.0,27,0
951,9750,0,1,926,5,0,1,0,0,0,0,32,1221,160000.0,26,0
267,9375,0,1,2098,9,0,1,0,0,0,0,13,1409,200000.0,26,0
2706,11235,0,1,1382,6,0,1,0,0,0,0,27,1133,135000.0,22,0
2221,14442,0,1,1839,7,0,1,0,0,0,1,3,1764,199500.0,27,0
1357,8094,0,1,1984,8,0,1,0,0,0,0,25,1486,121000.0,25,0
2901,13618,0,1,1960,8,1,1,0,0,0,0,0,1938,220000.0,27,0
347,8400,0,1,1628,7,0,1,0,0,0,0,12,504,181240.0,26,0
2164,8769,0,1,1190,5,0,1,0,0,0,0,2,1310,200000.0,26,0
1586,12244,0,1,2262,10,0,1,0,0,0,0,5,1650,220000.0,27,0
360,7250,0,1,1190,6,0,1,0,0,0,0,16,1202,180750.0,25,0
1769,9920,0,1,2013,8,0,1,1,1,0,0,10,1427,300750.0,26,0
2617,11650,0,1,1472,5,0,1,0,0,1,0,47,295,141000.0,24,0
1879,10624,0,1,1728,10,0,1,1,0,0,0,43,1883,141000.0,19,0
991,12925,0,1,2117,7,0,1,1,0,0,0,38,1247,141000.0,27,0
1535,9260,0,1,1374,6,0,1,1,0,0,1,58,1048,199500.0,17,0
1191,9750,0,1,1625,8,0,1,0,0,0,0,43,1625,185000.0,23,0
1579,12018,0,1,1612,6,1,1,1,0,0,0,0,860,220000.0,26,0
1882,12772,0,1,958,5,0,1,1,1,0,0,9,958,156500.0,26,0
1510,8172,0,1,1470,7,0,1,0,0,0,0,36,1097,125000.0,22,0
2196,10890,0,0,2592,12,0,1,0,0,0,0,57,2278,137712.0,22,0
1845,2117,0,1,1512,4,0,1,0,0,0,0,7,788,224000.0,23,1
2336,15922,0,1,2795,10,1,1,1,0,0,0,0,1764,322450.0,29,0
942,6402,0,0,1192,6,0,1,0,0,0,0,59,733,102388.0,20,0
861,7200,0,1,768,5,0,1,0,0,0,0,6,960,200000.0,24,0
2555,4712,1,1,1230,5,0,1,1,0,0,1,56,867,128000.0,21,0
1392,13284,0,1,1383,6,0,1,0,0,1,0,54,2010,135000.0,22,0
2099,9178,0,1,1651,7,1,1,0,0,0,0,0,1911,200000.0,27,0
1543,1879,0,1,1032,5,0,1,0,1,0,0,28,729,137500.0,22,0
948,12822,0,1,2149,6,0,1,1,1,0,0,6,1843,160000.0,26,0
1239,9840,0,1,1440,7,0,1,0,0,0,0,10,1654,141000.0,24,0
22,10625,0,1,1173,6,0,1,0,0,0,0,36,1173,185000.0,25,0
2796,8125,0,1,1654,6,0,1,0,0,0,0,4,1790,200000.0,26,0
2747,11200,0,1,1298,5,0,1,0,0,0,0,21,1489,181000.0,23,0
92,13143,0,1,2349,9,0,1,1,0,0,0,17,1393,300750.0,27,0
210,15263,0,1,1675,8,0,1,1,0,0,1,51,1554,225000.0,23,0
1858,3840,0,1,1295,4,0,1,1,0,0,0,9,1279,190000.0,26,0
2228,3907,1,1,1020,4,0,1,1,0,0,0,19,1139,137500.0,26,0
447,9541,0,1,1502,7,1,1,1,0,0,0,0,1616,317500.0,26,0
827,8814,0,1,1604,8,0,1,0,0,0,0,3,1837,200000.0,26,0
1649,11339,0,1,1930,9,0,1,1,0,1,0,28,1044,185000.0,24,0
682,7560,0,1,1339,6,0,1,0,0,0,0,44,1029,141000.0,23,0
2698,7200,0,1,984,6,0,1,0,0,0,0,56,1148,102388.0,20,0
494,7848,0,1,1430,7,0,1,1,0,0,1,10,384,180750.0,28,0
214,6449,0,0,1884,7,0,1,1,0,0,0,60,946,136200.0,18,0
2441,12104,0,1,2322,8,1,1,1,0,0,0,0,1480,180750.0,25,0
2679,6120,0,0,1015,6,0,1,0,0,0,0,56,1000,128620.0,22,0
1336,6000,0,1,949,5,0,1,0,0,0,0,5,997,128000.0,24,0
465,10928,0,1,1456,8,0,1,0,0,0,0,4,828,180750.0,26,0
1524,8969,0,1,1316,6,0,1,0,0,0,0,58,836,199500.0,24,0
2543,9100,0,1,864,5,0,1,0,0,0,1,48,864,141000.0,20,0
631,8760,0,1,1144,6,0,1,0,0,0,0,53,1426,141000.0,24,0
2452,10236,0,1,2494,9,0,1,1,0,0,0,11,1585,300750.0,27,0
228,11616,0,1,1386,6,0,1,1,1,0,0,32,1007,135000.0,23,0
126,13260,0,1,1728,10,0,1,1,0,0,0,9,1728,141000.0,24,0
1092,7301,0,1,1358,6,1,1,1,0,0,0,0,1568,317500.0,27,0
1122,8640,0,1,1372,6,1,1,0,0,0,0,0,1512,224000.0,26,1
932,17500,1,1,1906,6,0,1,0,0,1,0,55,1511,199500.0,24,0
1980,10800,0,1,1047,6,0,1,0,0,0,0,12,641,120450.0,22,0
2171,10921,0,1,960,6,0,1,0,0,0,0,42,1080,125000.0,19,0
551,10274,0,1,1400,6,0,1,1,1,0,0,23,724,181000.0,25,0
2768,12000,0,1,1388,6,0,1,0,0,0,0,38,1446,225000.0,24,0
2056,7094,0,1,894,5,0,1,1,0,0,0,41,894,135000.0,20,0
1159,11025,0,1,2786,10,0,1,0,0,0,0,14,2191,300750.0,28,0
2645,7745,0,0,1951,9,0,1,0,0,0,0,56,972,120000.0,21,0
1174,2160,0,1,1404,5,0,1,0,0,0,0,8,692,224000.0,24,1
2266,13758,0,1,1717,7,0,1,1,1,0,0,16,1360,220000.0,26,0
2462,13162,0,1,2640,11,1,1,0,0,0,1,0,2301,224000.0,28,1
1219,11332,0,1,1118,6,0,1,1,0,0,0,8,1408,141000.0,26,0
2922,12640,0,1,1728,8,0,1,1,0,0,0,30,1768,160000.0,23,0
118,9600,0,1,1232,6,0,1,0,0,0,0,44,1456,141000.0,22,0
474,3182,0,1,1145,5,0,1,0,0,0,0,3,1261,192250.0,26,0
2576,11600,0,1,1383,7,0,1,0,0,0,0,46,1428,141000.0,23,0
872,12782,0,1,1828,7,0,1,0,0,0,0,6,2160,200000.0,27,0
1077,6240,0,1,1342,6,0,1,0,0,0,0,1,1377,317500.0,27,0
1536,7801,0,0,1091,5,0,1,1,0,0,1,57,1483,199500.0,21,0
1150,9100,0,1,984,5,0,1,0,0,0,1,45,1185,135400.0,22,0
2341,11302,0,1,1826,7,1,1,1,0,0,0,0,2189,322450.0,27,0
1931,11556,0,1,1154,6,0,1,0,0,0,0,1,927,141000.0,25,0
2785,9920,0,1,971,5,0,1,1,0,0,0,37,971,200000.0,23,0
2538,9759,0,1,1051,6,0,1,1,0,0,0,40,1321,141000.0,22,0
597,9600,0,1,2061,8,0,1,0,0,0,0,35,1438,185000.0,25,0
464,2268,0,1,1626,6,0,1,0,0,0,0,5,791,317500.0,27,0
233,23595,1,1,1524,4,0,1,0,0,0,0,31,1600,225000.0,25,0
2169,9825,0,1,936,4,0,1,0,0,0,0,40,1341,125450.0,23,0
2123,10021,0,1,1308,6,0,1,1,0,0,0,1,831,200000.0,26,0
1867,11700,0,1,1295,6,0,1,0,0,0,0,39,1689,185000.0,22,0
137,19900,0,1,2207,7,0,1,0,0,1,0,21,2248,141000.0,24,0
515,8640,0,1,1852,7,1,1,0,0,0,0,0,1176,224000.0,26,1
933,1733,0,1,1032,5,0,1,0,0,0,0,29,795,137500.0,22,0
2784,10385,0,1,1282,6,0,1,1,1,0,0,28,1381,200000.0,22,0
972,4500,0,1,1204,5,0,1,0,0,0,0,11,1451,160000.0,25,0
599,9790,0,1,1342,7,0,1,0,0,0,1,42,1569,185000.0,23,0
2614,7332,0,1,864,4,0,1,0,0,0,0,47,1032,141000.0,26,0
2582,7032,0,1,943,4,0,1,1,0,0,0,27,985,141000.0,20,0
1409,21780,0,1,1674,8,0,1,0,0,0,0,58,1415,125000.0,25,0
175,5790,0,0,1605,8,0,1,0,0,0,0,60,1042,120000.0,20,0
352,7380,0,1,1478,5,0,1,1,0,0,0,11,1629,322450.0,27,0
976,1526,0,1,630,3,0,1,0,0,0,0,7,630,92450.0,24,0
2134,11317,0,1,1668,8,0,1,0,0,0,0,4,1052,200000.0,26,0
984,8780,0,1,833,5,0,1,1,0,0,0,24,833,160000.0,25,0
2396,12378,0,1,1944,8,0,1,1,0,0,0,2,2279,317500.0,28,0
1673,4058,0,1,767,4,0,1,0,0,0,0,9,883,141000.0,26,0
404,2368,0,1,1365,7,0,1,0,0,0,0,39,801,105500.0,23,0
607,9350,0,1,1313,6,0,1,0,0,0,0,14,1634,141000.0,23,0
814,7040,0,1,1229,6,0,1,0,0,0,1,30,1214,181000.0,20,0
868,8749,0,1,1725,6,0,1,0,0,0,0,7,888,200000.0,26,0
2271,7777,0,1,1491,7,0,1,1,0,0,0,11,1526,220000.0,25,0
1633,5062,0,1,2090,6,0,1,1,1,0,0,23,1409,322450.0,25,0
337,7700,0,1,2432,10,0,1,0,0,0,0,24,1416,160600.0,20,0
2765,36500,1,1,1582,7,0,1,1,0,0,0,42,1990,225000.0,21,0
1746,14572,0,1,1530,7,0,1,1,0,0,0,3,1710,180750.0,26,0
368,11844,0,1,2046,7,1,1,1,0,0,0,1,2450,322450.0,27,0
2806,8810,0,1,1390,7,0,1,0,0,0,0,3,1458,200000.0,26,0
1662,8000,0,1,1877,8,0,1,0,0,1,0,33,1180,185000.0,24,0
1234,14670,0,1,1988,9,0,1,0,0,0,0,9,1334,141000.0,27,0
1373,8250,0,1,1211,5,0,1,0,0,0,1,40,1015,135000.0,24,0
1672,9000,0,1,864,5,0,1,0,0,0,0,36,864,141000.0,20,0
1939,8400,0,1,925,5,0,1,0,0,0,0,52,1004,141000.0,22,0
